Workbook

Sheet Gold set
A1: Quasi-gold standard: Interactive World Models for Games and Virtual Environments
A2: # | B2: Query | C2: Title | D2: Venue | E2: Year | F2: Link | G2: DOI | H2: Eligible (Y/N/?) | I2: Note | J2: Scopus indexed | K2: Scopus retrieved | L2: IEEE indexed | M2: IEEE retrieved | N2: ACM indexed | O2: ACM retrieved | P2: Indexed anywhere | Q2: Retrieved anywhere | R2: Status
A3: Query 1: "world model" OR "game engine" diffusion playable game "player actions"
A4: 1 | B4: Q1 | C4: Diffusion Models Are Real-Time Game Engines (GameNGen) | D4: ICLR 2025 | E4: 2025 | F4: https://proceedings.iclr.cc/paper_files/paper/2025/hash/b71ecea210f7159f31e46631fe5c838f-Abstract-Conference.html | H4: Y | I4: Diffusion neural game engine for DOOM, 20 FPS, PSNR plus human raters. No DOI: check by title. | J4: Y | K4: Y | L4: N | N4: N | P4: =IF(C4="","",IF(COUNTIF(J4,"Y")+COUNTIF(L4,"Y")+COUNTIF(N4,"Y")>0,"Y",IF(COUNTIF(J4,"N")+COUNTIF(L4,"N")+COUNTIF(N4,"N")=3,"N",""))) -> Y | Q4: =IF(C4="","",IF(COUNTIF(K4,"Y")+COUNTIF(M4,"Y")+COUNTIF(O4,"Y")>0,"Y",IF(COUNTIF(K4,"N")+COUNTIF(M4,"N")+COUNTIF(O4,"N")>0,"N",""))) -> Y | R4: =IF(C4="","",IF(H4<>"Y","Not counted",IF(P4="N","Not indexed",IF(Q4="Y","Hit",IF(AND(P4="Y",Q4="N"),"Miss","Pending"))))) -> Hit
A5: 2 | B5: Q1 | C5: Unbounded: A Generative Infinite Game of Character Life Simulation | D5: ICLR 2025 | E5: 2025 | F5: https://proceedings.iclr.cc/paper_files/paper/2025/hash/da2411768acb844b255bb6770e5a71c7-Abstract-Conference.html | H5: Y | I5: Borderline: LLM plus image model act as the game in response to player input. Fits your definition, but no learned frame-dynamics model. No DOI: check by title. | J5: Y | K5: Y | L5: N | N5: N | P5: =IF(C5="","",IF(COUNTIF(J5,"Y")+COUNTIF(L5,"Y")+COUNTIF(N5,"Y")>0,"Y",IF(COUNTIF(J5,"N")+COUNTIF(L5,"N")+COUNTIF(N5,"N")=3,"N",""))) -> Y | Q5: =IF(C5="","",IF(COUNTIF(K5,"Y")+COUNTIF(M5,"Y")+COUNTIF(O5,"Y")>0,"Y",IF(COUNTIF(K5,"N")+COUNTIF(M5,"N")+COUNTIF(O5,"N")>0,"N",""))) -> Y | R5: =IF(C5="","",IF(H5<>"Y","Not counted",IF(P5="N","Not indexed",IF(Q5="Y","Hit",IF(AND(P5="Y",Q5="N"),"Miss","Pending"))))) -> Hit
A6: 3 | B6: Q1 | C6: Diffusion for World Modeling: Visual Details Matter in Atari (DIAMOND) | D6: NeurIPS 2024 | E6: 2024 | F6: https://proceedings.neurips.cc/paper_files/paper/2024/hash/6bdde0373d53d4a501249547084bed43-Abstract-Conference.html | G6: 10.52202/079017-1873 | H6: Y | I6: Diffusion world model; RL agent trained inside it; playable CS:GO neural game engine. | J6: Y | K6: Y | L6: N | N6: N | P6: =IF(C6="","",IF(COUNTIF(J6,"Y")+COUNTIF(L6,"Y")+COUNTIF(N6,"Y")>0,"Y",IF(COUNTIF(J6,"N")+COUNTIF(L6,"N")+COUNTIF(N6,"N")=3,"N",""))) -> Y | Q6: =IF(C6="","",IF(COUNTIF(K6,"Y")+COUNTIF(M6,"Y")+COUNTIF(O6,"Y")>0,"Y",IF(COUNTIF(K6,"N")+COUNTIF(M6,"N")+COUNTIF(O6,"N")>0,"N",""))) -> Y | R6: =IF(C6="","",IF(H6<>"Y","Not counted",IF(P6="N","Not indexed",IF(Q6="Y","Hit",IF(AND(P6="Y",Q6="N"),"Miss","Pending"))))) -> Hit
A7: 4 | B7: Q1 | C7: Pre-Trained Video Generative Models as World Simulators (DWS) | D7: AAAI 2026 | E7: 2026 | F7: https://ojs.aaai.org/index.php/AAAI/article/view/42465 | G7: 10.1609/aaai.v40i6.42465 | H7: Y | I7: Action-conditioned video world simulator, evaluated on games and robotics. | J7: Y | K7: Y | L7: N | N7: N | P7: =IF(C7="","",IF(COUNTIF(J7,"Y")+COUNTIF(L7,"Y")+COUNTIF(N7,"Y")>0,"Y",IF(COUNTIF(J7,"N")+COUNTIF(L7,"N")+COUNTIF(N7,"N")=3,"N",""))) -> Y | Q7: =IF(C7="","",IF(COUNTIF(K7,"Y")+COUNTIF(M7,"Y")+COUNTIF(O7,"Y")>0,"Y",IF(COUNTIF(K7,"N")+COUNTIF(M7,"N")+COUNTIF(O7,"N")>0,"N",""))) -> Y | R7: =IF(C7="","",IF(H7<>"Y","Not counted",IF(P7="N","Not indexed",IF(Q7="Y","Hit",IF(AND(P7="Y",Q7="N"),"Miss","Pending"))))) -> Hit
A8: 5 | B8: Q1 | C8: Yume1.5: A Text-Controlled Interactive World Generation Model | D8: CVPR 2026 | E8: 2026 | F8: https://openaccess.thecvf.com/content/CVPR2026/html/Mao_Yume1.5_A_Text-Controlled_Interactive_World_Generation_Model_CVPR_2026_paper.html | H8: Y | I8: Keyboard-explorable generated worlds, text-driven events, 12 FPS. CVPR 2026 may not be in IEEE Xplore yet: check by title. Not in Scopus (14 Oct) or IEEE Xplore (15 Oct 2026) yet: its abstract matches the string, so it would have been found if indexed. Recheck at the final search. | J8: N | L8: N | N8: N | P8: =IF(C8="","",IF(COUNTIF(J8,"Y")+COUNTIF(L8,"Y")+COUNTIF(N8,"Y")>0,"Y",IF(COUNTIF(J8,"N")+COUNTIF(L8,"N")+COUNTIF(N8,"N")=3,"N",""))) -> N | Q8: =IF(C8="","",IF(COUNTIF(K8,"Y")+COUNTIF(M8,"Y")+COUNTIF(O8,"Y")>0,"Y",IF(COUNTIF(K8,"N")+COUNTIF(M8,"N")+COUNTIF(O8,"N")>0,"N",""))) | R8: =IF(C8="","",IF(H8<>"Y","Not counted",IF(P8="N","Not indexed",IF(Q8="Y","Hit",IF(AND(P8="Y",Q8="N"),"Miss","Pending"))))) -> Not indexed
A9: 6 | B9: Q1 | C9: AnimeGamer: Infinite Anime Life Simulation with Next Game State Prediction | D9: ICCV 2025 | E9: 2025 | F9: https://doi.org/10.1109/ICCV51701.2025.01012 | G9: 10.1109/ICCV51701.2025.01012 | H9: Y | I9: MLLM predicts the next game state from player instructions and past shots; video diffusion decodes it. Automated metrics plus human evaluation. Not in Scopus as of 14 Oct 2026 (proceedings not indexed yet); recheck at the final search. | J9: N | L9: Y | M9: Y | N9: N | P9: =IF(C9="","",IF(COUNTIF(J9,"Y")+COUNTIF(L9,"Y")+COUNTIF(N9,"Y")>0,"Y",IF(COUNTIF(J9,"N")+COUNTIF(L9,"N")+COUNTIF(N9,"N")=3,"N",""))) -> Y | Q9: =IF(C9="","",IF(COUNTIF(K9,"Y")+COUNTIF(M9,"Y")+COUNTIF(O9,"Y")>0,"Y",IF(COUNTIF(K9,"N")+COUNTIF(M9,"N")+COUNTIF(O9,"N")>0,"N",""))) -> Y | R9: =IF(C9="","",IF(H9<>"Y","Not counted",IF(P9="N","Not indexed",IF(Q9="Y","Hit",IF(AND(P9="Y",Q9="N"),"Miss","Pending"))))) -> Hit
A10: 7 | B10: Q1 | C10: World and Human Action Models towards gameplay ideation (WHAM) | D10: Nature 2025 | E10: 2025 | F10: https://www.nature.com/articles/s41586-025-08600-3 | G10: 10.1038/s41586-025-08600-3 | H10: Y | I10: Generative world and action model of the game Bleeding Edge, trained on ~500k sessions. Evaluates consistency (FVD, human raters), diversity and persistency of user edits. Strong fit for the state and persistence RQ. | J10: Y | K10: N | L10: N | N10: N | P10: =IF(C10="","",IF(COUNTIF(J10,"Y")+COUNTIF(L10,"Y")+COUNTIF(N10,"Y")>0,"Y",IF(COUNTIF(J10,"N")+COUNTIF(L10,"N")+COUNTIF(N10,"N")=3,"N",""))) -> Y | Q10: =IF(C10="","",IF(COUNTIF(K10,"Y")+COUNTIF(M10,"Y")+COUNTIF(O10,"Y")>0,"Y",IF(COUNTIF(K10,"N")+COUNTIF(M10,"N")+COUNTIF(O10,"N")>0,"N",""))) -> N | R10: =IF(C10="","",IF(H10<>"Y","Not counted",IF(P10="N","Not indexed",IF(Q10="Y","Hit",IF(AND(P10="Y",Q10="N"),"Miss","Pending"))))) -> Miss
A11: Query 2: "interactive world model" game controllability actions
A12: 8 | B12: Q2 | C12: World-In-World: World Models in a Closed-Loop World | D12: ICLR 2026 | E12: 2026 | F12: https://proceedings.iclr.cc/paper_files/paper/2026/hash/5b4263be85820683d78675cc18d2efc7-Abstract-Conference.html | H12: Y | I12: Generative world models produce observations from agent actions in four simulated embodied environments, used for closed-loop planning; finds controllability matters more than visual quality. Kept under the reworded planning exclusion. No DOI: check by title. Not in Scopus as of 14 Oct 2026 (proceedings not indexed yet); recheck at the final search. | J12: N | L12: N | N12: N | P12: =IF(C12="","",IF(COUNTIF(J12,"Y")+COUNTIF(L12,"Y")+COUNTIF(N12,"Y")>0,"Y",IF(COUNTIF(J12,"N")+COUNTIF(L12,"N")+COUNTIF(N12,"N")=3,"N",""))) -> N | Q12: =IF(C12="","",IF(COUNTIF(K12,"Y")+COUNTIF(M12,"Y")+COUNTIF(O12,"Y")>0,"Y",IF(COUNTIF(K12,"N")+COUNTIF(M12,"N")+COUNTIF(O12,"N")>0,"N",""))) | R12: =IF(C12="","",IF(H12<>"Y","Not counted",IF(P12="N","Not indexed",IF(Q12="Y","Hit",IF(AND(P12="Y",Q12="N"),"Miss","Pending"))))) -> Not indexed
A13: 9 | B13: Q2 | C13: Genie: Generative Interactive Environments | D13: ICML 2024 | E13: 2024 | F13: https://proceedings.mlr.press/v235/bruce24a.html | H13: Y | I13: Playable environments generated frame by frame from unlabelled 2D platformer videos, controlled through learned latent actions. No DOI (PMLR): check by title. | J13: Y | K13: Y | L13: N | N13: N | P13: =IF(C13="","",IF(COUNTIF(J13,"Y")+COUNTIF(L13,"Y")+COUNTIF(N13,"Y")>0,"Y",IF(COUNTIF(J13,"N")+COUNTIF(L13,"N")+COUNTIF(N13,"N")=3,"N",""))) -> Y | Q13: =IF(C13="","",IF(COUNTIF(K13,"Y")+COUNTIF(M13,"Y")+COUNTIF(O13,"Y")>0,"Y",IF(COUNTIF(K13,"N")+COUNTIF(M13,"N")+COUNTIF(O13,"N")>0,"N",""))) -> Y | R13: =IF(C13="","",IF(H13<>"Y","Not counted",IF(P13="N","Not indexed",IF(Q13="Y","Hit",IF(AND(P13="Y",Q13="N"),"Miss","Pending"))))) -> Hit
A14: 10 | B14: Q2 | C14: Promptable Game Models: Text-guided Game Simulation via Masked Diffusion Models | D14: ACM TOG 2024 | E14: 2024 | F14: https://dl.acm.org/doi/full/10.1145/3635705 | G14: 10.1145/3635705 | H14: Y | I14: Neural game simulator driven by actions and text prompts (Tennis, Minecraft); beats prior neural game simulators on rendering quality. | J14: Y | K14: Y | L14: N | N14: Y | O14: Y | P14: =IF(C14="","",IF(COUNTIF(J14,"Y")+COUNTIF(L14,"Y")+COUNTIF(N14,"Y")>0,"Y",IF(COUNTIF(J14,"N")+COUNTIF(L14,"N")+COUNTIF(N14,"N")=3,"N",""))) -> Y | Q14: =IF(C14="","",IF(COUNTIF(K14,"Y")+COUNTIF(M14,"Y")+COUNTIF(O14,"Y")>0,"Y",IF(COUNTIF(K14,"N")+COUNTIF(M14,"N")+COUNTIF(O14,"N")>0,"N",""))) -> Y | R14: =IF(C14="","",IF(H14<>"Y","Not counted",IF(P14="N","Not indexed",IF(Q14="Y","Hit",IF(AND(P14="Y",Q14="N"),"Miss","Pending"))))) -> Hit
A15: 11 | B15: Q2 | C15: COMBO: Compositional World Models for Embodied Multi-Agent Cooperation | D15: ICLR 2025 | E15: 2025 | F15: https://proceedings.iclr.cc/paper_files/paper/2025/hash/7d03c6bf9f07acb4038eea96c63db52d-Abstract-Conference.html | H15: Y | I15: Compositional video world model generates future states from joint agent actions in simulated multi-agent environments, used inside tree-search planning. Kept under the reworded planning exclusion. No DOI: check by title. | J15: Y | K15: N | L15: N | N15: N | P15: =IF(C15="","",IF(COUNTIF(J15,"Y")+COUNTIF(L15,"Y")+COUNTIF(N15,"Y")>0,"Y",IF(COUNTIF(J15,"N")+COUNTIF(L15,"N")+COUNTIF(N15,"N")=3,"N",""))) -> Y | Q15: =IF(C15="","",IF(COUNTIF(K15,"Y")+COUNTIF(M15,"Y")+COUNTIF(O15,"Y")>0,"Y",IF(COUNTIF(K15,"N")+COUNTIF(M15,"N")+COUNTIF(O15,"N")>0,"N",""))) -> N | R15: =IF(C15="","",IF(H15<>"Y","Not counted",IF(P15="N","Not indexed",IF(Q15="Y","Hit",IF(AND(P15="Y",Q15="N"),"Miss","Pending"))))) -> Miss
A16: Query 3: "world model" game memory OR consistency OR persistence
A17: 12 | B17: Q3 | C17: WorldMem: Long-term Consistent World Simulation with Memory | D17: NeurIPS 2025 | E17: 2025 | F17: https://proceedings.neurips.cc/paper_files/paper/2025/hash/470629a47e2d65ce0606c40055df5d26-Abstract-Conference.html | G17: 10.52202/085713-1659 | H17: Y | I17: Memory bank of frames and states for long-term consistent world simulation; virtual (Minecraft) and real scenes. Direct fit for state and persistence. | J17: Y | K17: Y | L17: N | N17: N | P17: =IF(C17="","",IF(COUNTIF(J17,"Y")+COUNTIF(L17,"Y")+COUNTIF(N17,"Y")>0,"Y",IF(COUNTIF(J17,"N")+COUNTIF(L17,"N")+COUNTIF(N17,"N")=3,"N",""))) -> Y | Q17: =IF(C17="","",IF(COUNTIF(K17,"Y")+COUNTIF(M17,"Y")+COUNTIF(O17,"Y")>0,"Y",IF(COUNTIF(K17,"N")+COUNTIF(M17,"N")+COUNTIF(O17,"N")>0,"N",""))) -> Y | R17: =IF(C17="","",IF(H17<>"Y","Not counted",IF(P17="N","Not indexed",IF(Q17="Y","Hit",IF(AND(P17="Y",Q17="N"),"Miss","Pending"))))) -> Hit
A18: 13 | B18: Q3 | C18: EDELINE: Enhancing Memory in Diffusion-based World Models via Linear-Time Sequence Modeling | D18: NeurIPS 2025 | E18: 2025 | F18: https://proceedings.neurips.cc/paper_files/paper/2025/hash/97c903fbf21a7d863af2015d8803ca8f-Abstract-Conference.html | G18: 10.52202/085713-3526 | H18: Y | I18: Diffusion world model with state space memory; agents trained inside it on Atari 100k, Crafter and ViZDoom. | J18: Y | K18: Y | L18: N | N18: N | P18: =IF(C18="","",IF(COUNTIF(J18,"Y")+COUNTIF(L18,"Y")+COUNTIF(N18,"Y")>0,"Y",IF(COUNTIF(J18,"N")+COUNTIF(L18,"N")+COUNTIF(N18,"N")=3,"N",""))) -> Y | Q18: =IF(C18="","",IF(COUNTIF(K18,"Y")+COUNTIF(M18,"Y")+COUNTIF(O18,"Y")>0,"Y",IF(COUNTIF(K18,"N")+COUNTIF(M18,"N")+COUNTIF(O18,"N")>0,"N",""))) -> Y | R18: =IF(C18="","",IF(H18<>"Y","Not counted",IF(P18="N","Not indexed",IF(Q18="Y","Hit",IF(AND(P18="Y",Q18="N"),"Miss","Pending"))))) -> Hit
A19: 14 | B19: Q3 | C19: Video World Models with Long-term Spatial Memory | D19: NeurIPS 2025 | E19: 2025 | F19: https://proceedings.neurips.cc/paper_files/paper/2025/hash/467655d26fcc207bca08915dc91964c6-Abstract-Conference.html | G19: 10.52202/085713-1651 | H19: Y | I19: Action and camera-controlled video world model with geometry-grounded 3D memory for consistent revisits. Navigable generated worlds, same basis as Yume1.5. | J19: Y | K19: Y | L19: N | N19: N | P19: =IF(C19="","",IF(COUNTIF(J19,"Y")+COUNTIF(L19,"Y")+COUNTIF(N19,"Y")>0,"Y",IF(COUNTIF(J19,"N")+COUNTIF(L19,"N")+COUNTIF(N19,"N")=3,"N",""))) -> Y | Q19: =IF(C19="","",IF(COUNTIF(K19,"Y")+COUNTIF(M19,"Y")+COUNTIF(O19,"Y")>0,"Y",IF(COUNTIF(K19,"N")+COUNTIF(M19,"N")+COUNTIF(O19,"N")>0,"N",""))) -> Y | R19: =IF(C19="","",IF(H19<>"Y","Not counted",IF(P19="N","Not indexed",IF(Q19="Y","Hit",IF(AND(P19="Y",Q19="N"),"Miss","Pending"))))) -> Hit
A20: 15 | B20: Q3 | C20: Zero-shot World Models via Search in Memory | D20: NeurIPS 2025 | E20: 2025 | F20: https://proceedings.neurips.cc/paper_files/paper/2025/hash/da7d7341051b4e0444cc96c78f1e4df9-Abstract-Conference.html | G20: 10.52202/085713-4969 | H20: Y | I20: Borderline: dynamics come from searching stored transitions (only the VAE is trained), but it generates image observations in SuperTuxKart, MineRL and Atari and is compared with PlaNet on long-horizon prediction. | J20: Y | K20: N | L20: N | N20: N | P20: =IF(C20="","",IF(COUNTIF(J20,"Y")+COUNTIF(L20,"Y")+COUNTIF(N20,"Y")>0,"Y",IF(COUNTIF(J20,"N")+COUNTIF(L20,"N")+COUNTIF(N20,"N")=3,"N",""))) -> Y | Q20: =IF(C20="","",IF(COUNTIF(K20,"Y")+COUNTIF(M20,"Y")+COUNTIF(O20,"Y")>0,"Y",IF(COUNTIF(K20,"N")+COUNTIF(M20,"N")+COUNTIF(O20,"N")>0,"N",""))) -> N | R20: =IF(C20="","",IF(H20<>"Y","Not counted",IF(P20="N","Not indexed",IF(Q20="Y","Hit",IF(AND(P20="Y",Q20="N"),"Miss","Pending"))))) -> Miss
A21: 16 | B21: Q3 | C21: NovaWM: An Action-Conditioned World Model for State Simulation in StarCraft II | D21: CMNM '26 (ACM) | E21: 2026 | F21: https://doi.org/10.1145/3832928.3832995 | G21: 10.1145/3832928.3832995 | H21: Y | I21: Fine-tuned LLM simulates StarCraft II game state from actions, with a memory module for fog of war. 6 pages: confirm the conference counts it as a full paper. | J21: Y | K21: Y | L21: N | N21: Y | O21: Y | P21: =IF(C21="","",IF(COUNTIF(J21,"Y")+COUNTIF(L21,"Y")+COUNTIF(N21,"Y")>0,"Y",IF(COUNTIF(J21,"N")+COUNTIF(L21,"N")+COUNTIF(N21,"N")=3,"N",""))) -> Y | Q21: =IF(C21="","",IF(COUNTIF(K21,"Y")+COUNTIF(M21,"Y")+COUNTIF(O21,"Y")>0,"Y",IF(COUNTIF(K21,"N")+COUNTIF(M21,"N")+COUNTIF(O21,"N")>0,"N",""))) -> Y | R21: =IF(C21="","",IF(H21<>"Y","Not counted",IF(P21="N","Not indexed",IF(Q21="Y","Hit",IF(AND(P21="Y",Q21="N"),"Miss","Pending"))))) -> Hit
A22: 17 | B22: Q3 | C22: RLVR-World: Training World Models with Reinforcement Learning | D22: NeurIPS 2025 | E22: 2025 | F22: https://doi.org/10.52202/085713-4177 | G22: 10.52202/085713-4177 | H22: Y | I22: Borderline: world models trained with RL rewards across text games, web navigation and robot manipulation. Kept on the text games, same basis as DWS (mixed domains). | J22: Y | K22: Y | L22: N | N22: N | P22: =IF(C22="","",IF(COUNTIF(J22,"Y")+COUNTIF(L22,"Y")+COUNTIF(N22,"Y")>0,"Y",IF(COUNTIF(J22,"N")+COUNTIF(L22,"N")+COUNTIF(N22,"N")=3,"N",""))) -> Y | Q22: =IF(C22="","",IF(COUNTIF(K22,"Y")+COUNTIF(M22,"Y")+COUNTIF(O22,"Y")>0,"Y",IF(COUNTIF(K22,"N")+COUNTIF(M22,"N")+COUNTIF(O22,"N")>0,"N",""))) -> Y | R22: =IF(C22="","",IF(H22<>"Y","Not counted",IF(P22="N","Not indexed",IF(Q22="Y","Hit",IF(AND(P22="Y",Q22="N"),"Miss","Pending"))))) -> Hit
A23: 18 | B23: Q3 | C23: STORM: Efficient Stochastic Transformer based World Models for Reinforcement Learning | D23: NeurIPS 2023 | E23: 2023 | F23: https://doi.org/10.52202/075280-1182 | G23: 10.52202/075280-1182 | H23: Y | I23: Model-based RL: agent trained entirely inside a transformer world model on Atari 100k. Kept under the rule that an agent trained inside the world model counts. | J23: Y | K23: Y | L23: N | N23: N | P23: =IF(C23="","",IF(COUNTIF(J23,"Y")+COUNTIF(L23,"Y")+COUNTIF(N23,"Y")>0,"Y",IF(COUNTIF(J23,"N")+COUNTIF(L23,"N")+COUNTIF(N23,"N")=3,"N",""))) -> Y | Q23: =IF(C23="","",IF(COUNTIF(K23,"Y")+COUNTIF(M23,"Y")+COUNTIF(O23,"Y")>0,"Y",IF(COUNTIF(K23,"N")+COUNTIF(M23,"N")+COUNTIF(O23,"N")>0,"N",""))) -> Y | R23: =IF(C23="","",IF(H23<>"Y","Not counted",IF(P23="N","Not indexed",IF(Q23="Y","Hit",IF(AND(P23="Y",Q23="N"),"Miss","Pending"))))) -> Hit
A24: Query 4: "world model" OR "learned simulator" game environment agents "reinforcement learning"
A25: 19 | B25: Q4 | C25: Deriving a Data-Efficient, Generalist Agent Through World Models | D25: IEEE Access 2026 | E25: 2026 | F25: https://doi.org/10.1109/ACCESS.2026.3726084 | G25: 10.1109/ACCESS.2026.3726084 | H25: Y | I25: One transformer world model backbone shared across 26 Atari 100k games, agent trained inside it; also a 3D first-person task. | J25: Y | K25: Y | L25: Y | M25: Y | N25: N | P25: =IF(C25="","",IF(COUNTIF(J25,"Y")+COUNTIF(L25,"Y")+COUNTIF(N25,"Y")>0,"Y",IF(COUNTIF(J25,"N")+COUNTIF(L25,"N")+COUNTIF(N25,"N")=3,"N",""))) -> Y | Q25: =IF(C25="","",IF(COUNTIF(K25,"Y")+COUNTIF(M25,"Y")+COUNTIF(O25,"Y")>0,"Y",IF(COUNTIF(K25,"N")+COUNTIF(M25,"N")+COUNTIF(O25,"N")>0,"N",""))) -> Y | R25: =IF(C25="","",IF(H25<>"Y","Not counted",IF(P25="N","Not indexed",IF(Q25="Y","Hit",IF(AND(P25="Y",Q25="N"),"Miss","Pending"))))) -> Hit
A26: 20 | B26: Q4 | C26: Increasing sample efficiency in deep reinforcement learning using generative environment modelling (DVAE-SWAGAN) | D26: Expert Systems 2021 | E26: 2021 | F26: https://doi.org/10.1111/exsy.12537 | G26: 10.1111/exsy.12537 | H26: Y | I26: VAE plus GAN generative model of a maze game environment for exploration in partially and fully observable settings. | J26: Y | K26: Y | L26: N | N26: N | P26: =IF(C26="","",IF(COUNTIF(J26,"Y")+COUNTIF(L26,"Y")+COUNTIF(N26,"Y")>0,"Y",IF(COUNTIF(J26,"N")+COUNTIF(L26,"N")+COUNTIF(N26,"N")=3,"N",""))) -> Y | Q26: =IF(C26="","",IF(COUNTIF(K26,"Y")+COUNTIF(M26,"Y")+COUNTIF(O26,"Y")>0,"Y",IF(COUNTIF(K26,"N")+COUNTIF(M26,"N")+COUNTIF(O26,"N")>0,"N",""))) -> Y | R26: =IF(C26="","",IF(H26<>"Y","Not counted",IF(P26="N","Not indexed",IF(Q26="Y","Hit",IF(AND(P26="Y",Q26="N"),"Miss","Pending"))))) -> Hit
A27: 21 | B27: Q4 | C27: Smaller World Models for Reinforcement Learning | D27: Neural Processing Letters 2023 | E27: 2023 | F27: https://doi.org/10.1007/s11063-023-11381-3 | G27: 10.1007/s11063-023-11381-3 | H27: Y | I27: VQ-VAE plus ConvLSTM world model; PPO agent trained purely on simulated experience on Atari. Reports model size. | J27: Y | K27: Y | L27: N | N27: N | P27: =IF(C27="","",IF(COUNTIF(J27,"Y")+COUNTIF(L27,"Y")+COUNTIF(N27,"Y")>0,"Y",IF(COUNTIF(J27,"N")+COUNTIF(L27,"N")+COUNTIF(N27,"N")=3,"N",""))) -> Y | Q27: =IF(C27="","",IF(COUNTIF(K27,"Y")+COUNTIF(M27,"Y")+COUNTIF(O27,"Y")>0,"Y",IF(COUNTIF(K27,"N")+COUNTIF(M27,"N")+COUNTIF(O27,"N")>0,"N",""))) -> Y | R27: =IF(C27="","",IF(H27<>"Y","Not counted",IF(P27="N","Not indexed",IF(Q27="Y","Hit",IF(AND(P27="Y",Q27="N"),"Miss","Pending"))))) -> Hit
A28: 22 | B28: Q4 | C28: Applying opponent and environment modelling in decentralised multi-agent reinforcement learning | D28: Cognitive Systems Research 2024 | E28: 2024 | F28: https://doi.org/10.1016/j.cogsys.2024.101306 | G28: 10.1016/j.cogsys.2024.101306 | H28: Y | I28: Latent world models generate synthetic experience so agents learn without the real environment; matrix games and modified StarCraft Multi-Agent Challenge. | J28: Y | K28: Y | L28: N | N28: N | P28: =IF(C28="","",IF(COUNTIF(J28,"Y")+COUNTIF(L28,"Y")+COUNTIF(N28,"Y")>0,"Y",IF(COUNTIF(J28,"N")+COUNTIF(L28,"N")+COUNTIF(N28,"N")=3,"N",""))) -> Y | Q28: =IF(C28="","",IF(COUNTIF(K28,"Y")+COUNTIF(M28,"Y")+COUNTIF(O28,"Y")>0,"Y",IF(COUNTIF(K28,"N")+COUNTIF(M28,"N")+COUNTIF(O28,"N")>0,"N",""))) -> Y | R28: =IF(C28="","",IF(H28<>"Y","Not counted",IF(P28="N","Not indexed",IF(Q28="Y","Hit",IF(AND(P28="Y",Q28="N"),"Miss","Pending"))))) -> Hit
A29: 23 | B29: Q4 | C29: From Observations to Events: Event-Aware World Models for Reinforcement Learning | D29: ICLR 2026 | E29: 2026 | F29: https://proceedings.iclr.cc/paper_files/paper/2026 | H29: Y | I29: Mixed domains: Atari 100k and Craftax plus DeepMind Control. Kept on the games, same basis as DWS. No DOI: check by title. Not in Scopus as of 14 Oct 2026 (proceedings not indexed yet); recheck at the final search. | J29: N | L29: N | N29: N | P29: =IF(C29="","",IF(COUNTIF(J29,"Y")+COUNTIF(L29,"Y")+COUNTIF(N29,"Y")>0,"Y",IF(COUNTIF(J29,"N")+COUNTIF(L29,"N")+COUNTIF(N29,"N")=3,"N",""))) -> N | Q29: =IF(C29="","",IF(COUNTIF(K29,"Y")+COUNTIF(M29,"Y")+COUNTIF(O29,"Y")>0,"Y",IF(COUNTIF(K29,"N")+COUNTIF(M29,"N")+COUNTIF(O29,"N")>0,"N",""))) | R29: =IF(C29="","",IF(H29<>"Y","Not counted",IF(P29="N","Not indexed",IF(Q29="Y","Hit",IF(AND(P29="Y",Q29="N"),"Miss","Pending"))))) -> Not indexed
A30: 24 | B30: Q4 | C30: Open-World Reinforcement Learning over Long Short-Term Imagination (LS-Imagine) | D30: ICLR 2025 | E30: 2025 | F30: https://proceedings.iclr.cc/paper_files/paper/2025 | H30: Y | I30: Long short-term world model with jumpy imagined transitions; agent trained in imagination in MineDojo (Minecraft). No DOI: check by title. | J30: Y | K30: Y | L30: N | N30: N | P30: =IF(C30="","",IF(COUNTIF(J30,"Y")+COUNTIF(L30,"Y")+COUNTIF(N30,"Y")>0,"Y",IF(COUNTIF(J30,"N")+COUNTIF(L30,"N")+COUNTIF(N30,"N")=3,"N",""))) -> Y | Q30: =IF(C30="","",IF(COUNTIF(K30,"Y")+COUNTIF(M30,"Y")+COUNTIF(O30,"Y")>0,"Y",IF(COUNTIF(K30,"N")+COUNTIF(M30,"N")+COUNTIF(O30,"N")>0,"N",""))) -> Y | R30: =IF(C30="","",IF(H30<>"Y","Not counted",IF(P30="N","Not indexed",IF(Q30="Y","Hit",IF(AND(P30="Y",Q30="N"),"Miss","Pending"))))) -> Hit
A31: 25 | B31: Q4 | C31: Towards biologically plausible model-based reinforcement learning in recurrent spiking networks by dreaming new experiences | D31: Scientific Reports 2024 | E31: 2024 | F31: https://doi.org/10.1038/s41598-024-65631-y | G31: 10.1038/s41598-024-65631-y | H31: Y | I31: Spiking world model; agent learns from dreamed experience in Atari Pong and Boxing. | J31: Y | K31: Y | L31: N | N31: N | P31: =IF(C31="","",IF(COUNTIF(J31,"Y")+COUNTIF(L31,"Y")+COUNTIF(N31,"Y")>0,"Y",IF(COUNTIF(J31,"N")+COUNTIF(L31,"N")+COUNTIF(N31,"N")=3,"N",""))) -> Y | Q31: =IF(C31="","",IF(COUNTIF(K31,"Y")+COUNTIF(M31,"Y")+COUNTIF(O31,"Y")>0,"Y",IF(COUNTIF(K31,"N")+COUNTIF(M31,"N")+COUNTIF(O31,"N")>0,"N",""))) -> Y | R31: =IF(C31="","",IF(H31<>"Y","Not counted",IF(P31="N","Not indexed",IF(Q31="Y","Hit",IF(AND(P31="Y",Q31="N"),"Miss","Pending"))))) -> Hit
A32: 26 | B32: Q4 | C32: Drama: Mamba-Enabled Model-Based Reinforcement Learning Is Sample and Parameter Efficient | D32: ICLR 2025 | E32: 2025 | F32: https://proceedings.iclr.cc/paper_files/paper/2025 | H32: Y | I32: Mamba state space world model on Atari 100k with a 7M-parameter model trainable on a laptop. Useful for the compute-cost RQ. No DOI: check by title. | J32: Y | K32: Y | L32: N | N32: N | P32: =IF(C32="","",IF(COUNTIF(J32,"Y")+COUNTIF(L32,"Y")+COUNTIF(N32,"Y")>0,"Y",IF(COUNTIF(J32,"N")+COUNTIF(L32,"N")+COUNTIF(N32,"N")=3,"N",""))) -> Y | Q32: =IF(C32="","",IF(COUNTIF(K32,"Y")+COUNTIF(M32,"Y")+COUNTIF(O32,"Y")>0,"Y",IF(COUNTIF(K32,"N")+COUNTIF(M32,"N")+COUNTIF(O32,"N")>0,"N",""))) -> Y | R32: =IF(C32="","",IF(H32<>"Y","Not counted",IF(P32="N","Not indexed",IF(Q32="Y","Hit",IF(AND(P32="Y",Q32="N"),"Miss","Pending"))))) -> Hit

Sheet Summary
A1: Summary
A2: Final searches run 16 October 2026 with the v6 short strings, publication years 2018 to 2026. Blue numbers are typed in from the exports; everything else is calculated.
A4: 1. Records per database
A5: Database | B5: Records found | C5: Of which 2018 | D5: Ineligible type removed | E5: Kept
A6: Scopus | B6: 491 | C6: 25 | D6: 0 | E6: =B6-D6 -> 491
A7: IEEE Xplore | B7: 307 | C7: 18 | D7: 25 | E7: =B7-D7 -> 282
A8: ACM DL | B8: 35 | C8: 4 | D8: 0 | E8: =B8-D8 -> 35
A9: Total | B9: =SUM(B6:B8) -> 833 | C9: =SUM(C6:C8) -> 47 | D9: =SUM(D6:D8) -> 25 | E9: =SUM(E6:E8) -> 808
A10: Ineligible type = IEEE book chapters and magazine items (the Conferences + Journals filter was not applied in IEEE). Scopus and ACM were limited to articles and conference papers in the search itself.
A12: 2. PRISMA identification
A13: Step | B13: Records
A14: Records identified (all databases) | B14: =B9 -> 833
A15: Removed before screening: ineligible document type | B15: =D9 -> 25
A16: Removed before screening: duplicates | B16: 146
A17: Records to screen | B17: =B14-B15-B16 -> 662
A18: Duplicates matched by DOI (137) or by title and year when the DOI was missing (9): 143 across databases, 3 within Scopus. Record-by-record list in Deduplication_log.xlsx; the 662 records are in Deduplicated_corpus_662_records.ris.
A20: 3. Gold set sensitivity
A21: Database | B21: Gold indexed (n) | C21: Gold retrieved | D21: Sensitivity | E21: 95% CI low | F21: 95% CI high
A22: Scopus | B22: =COUNTIFS('Gold set'!$H$3:$H$60,"Y",'Gold set'!$J$3:$J$60,"Y") -> 22 | C22: =COUNTIFS('Gold set'!$H$3:$H$60,"Y",'Gold set'!$J$3:$J$60,"Y",'Gold set'!$K$3:$K$60,"Y") -> 19 | D22: =IF(B22=0,"",C22/B22) -> 0.86363636 | E22: =IF(B22=0,"",(D22+$B$27^2/(2*B22)-$B$27*SQRT(D22*(1-D22)/B22+$B$27^2/(4*B22^2)))/(1+$B$27^2/B22)) -> 0.66664588 | F22: =IF(B22=0,"",(D22+$B$27^2/(2*B22)+$B$27*SQRT(D22*(1-D22)/B22+$B$27^2/(4*B22^2)))/(1+$B$27^2/B22)) -> 0.95251083
A23: IEEE Xplore | B23: =COUNTIFS('Gold set'!$H$3:$H$60,"Y",'Gold set'!$L$3:$L$60,"Y") -> 2 | C23: =COUNTIFS('Gold set'!$H$3:$H$60,"Y",'Gold set'!$L$3:$L$60,"Y",'Gold set'!$M$3:$M$60,"Y") -> 2 | D23: =IF(B23=0,"",C23/B23) -> 1 | E23: =IF(B23=0,"",(D23+$B$27^2/(2*B23)-$B$27*SQRT(D23*(1-D23)/B23+$B$27^2/(4*B23^2)))/(1+$B$27^2/B23)) -> 0.34237195 | F23: =IF(B23=0,"",(D23+$B$27^2/(2*B23)+$B$27*SQRT(D23*(1-D23)/B23+$B$27^2/(4*B23^2)))/(1+$B$27^2/B23)) -> 1
A24: ACM DL | B24: =COUNTIFS('Gold set'!$H$3:$H$60,"Y",'Gold set'!$N$3:$N$60,"Y") -> 2 | C24: =COUNTIFS('Gold set'!$H$3:$H$60,"Y",'Gold set'!$N$3:$N$60,"Y",'Gold set'!$O$3:$O$60,"Y") -> 2 | D24: =IF(B24=0,"",C24/B24) -> 1 | E24: =IF(B24=0,"",(D24+$B$27^2/(2*B24)-$B$27*SQRT(D24*(1-D24)/B24+$B$27^2/(4*B24^2)))/(1+$B$27^2/B24)) -> 0.34237195 | F24: =IF(B24=0,"",(D24+$B$27^2/(2*B24)+$B$27*SQRT(D24*(1-D24)/B24+$B$27^2/(4*B24^2)))/(1+$B$27^2/B24)) -> 1
A25: Overall (any database) | B25: =COUNTIFS('Gold set'!$R$3:$R$60,"Hit")+COUNTIFS('Gold set'!$R$3:$R$60,"Miss") -> 23 | C25: =COUNTIFS('Gold set'!$R$3:$R$60,"Hit") -> 20 | D25: =IF(B25=0,"",C25/B25) -> 0.86956522 | E25: =IF(B25=0,"",(D25+$B$27^2/(2*B25)-$B$27*SQRT(D25*(1-D25)/B25+$B$27^2/(4*B25^2)))/(1+$B$27^2/B25)) -> 0.67872102 | F25: =IF(B25=0,"",(D25+$B$27^2/(2*B25)+$B$27*SQRT(D25*(1-D25)/B25+$B$27^2/(4*B25^2)))/(1+$B$27^2/B25)) -> 0.95462423
A26: Target: overall sensitivity of 80% or higher. Gold papers not indexed in a database are left out of that database's n.
A27: z for the 95% Wilson interval | B27: 1.96
A29: 4. Gold set status (26 papers)
A30: Status | B30: Papers | C30: Which papers (number in Gold set tab)
A31: Hit | B31: =COUNTIF('Gold set'!$R$3:$R$60,"Hit") -> 20 | C31: Found by at least one database search.
A32: Miss | B32: =COUNTIF('Gold set'!$R$3:$R$60,"Miss") -> 3 | C32: WHAM (7), COMBO (11), Zero-shot World Models via Search in Memory (15). Indexed but not retrieved; add through snowballing.
A33: Not indexed | B33: =COUNTIF('Gold set'!$R$3:$R$60,"Not indexed") -> 3 | C33: Yume1.5 (5), World-In-World (8), Event-Aware World Models (23). Not in Scopus, IEEE or ACM; left out of n.
A34: Pending | B34: =COUNTIF('Gold set'!$R$3:$R$60,"Pending") -> 0 | C34: Indexed status not yet checked.
A35: Not counted | B35: =COUNTIF('Gold set'!$R$3:$R$60,"Not counted") -> 0 | C35: Eligible set to ? or N.
A36: Total | B36: =SUM(B31:B35) -> 26
A38: 5. Gold papers per query
A39: Query | B39: Gold papers | C39: Hit | D39: Miss | E39: Not indexed
A40: Q1 | B40: =COUNTIFS('Gold set'!$B$3:$B$60,A40,'Gold set'!$H$3:$H$60,"Y") -> 7 | C40: =COUNTIFS('Gold set'!$B$3:$B$60,A40,'Gold set'!$R$3:$R$60,"Hit") -> 5 | D40: =COUNTIFS('Gold set'!$B$3:$B$60,A40,'Gold set'!$R$3:$R$60,"Miss") -> 1 | E40: =COUNTIFS('Gold set'!$B$3:$B$60,A40,'Gold set'!$R$3:$R$60,"Not indexed") -> 1
A41: Q2 | B41: =COUNTIFS('Gold set'!$B$3:$B$60,A41,'Gold set'!$H$3:$H$60,"Y") -> 4 | C41: =COUNTIFS('Gold set'!$B$3:$B$60,A41,'Gold set'!$R$3:$R$60,"Hit") -> 2 | D41: =COUNTIFS('Gold set'!$B$3:$B$60,A41,'Gold set'!$R$3:$R$60,"Miss") -> 1 | E41: =COUNTIFS('Gold set'!$B$3:$B$60,A41,'Gold set'!$R$3:$R$60,"Not indexed") -> 1
A42: Q3 | B42: =COUNTIFS('Gold set'!$B$3:$B$60,A42,'Gold set'!$H$3:$H$60,"Y") -> 7 | C42: =COUNTIFS('Gold set'!$B$3:$B$60,A42,'Gold set'!$R$3:$R$60,"Hit") -> 6 | D42: =COUNTIFS('Gold set'!$B$3:$B$60,A42,'Gold set'!$R$3:$R$60,"Miss") -> 1 | E42: =COUNTIFS('Gold set'!$B$3:$B$60,A42,'Gold set'!$R$3:$R$60,"Not indexed") -> 0
A43: Q4 | B43: =COUNTIFS('Gold set'!$B$3:$B$60,A43,'Gold set'!$H$3:$H$60,"Y") -> 8 | C43: =COUNTIFS('Gold set'!$B$3:$B$60,A43,'Gold set'!$R$3:$R$60,"Hit") -> 7 | D43: =COUNTIFS('Gold set'!$B$3:$B$60,A43,'Gold set'!$R$3:$R$60,"Miss") -> 0 | E43: =COUNTIFS('Gold set'!$B$3:$B$60,A43,'Gold set'!$R$3:$R$60,"Not indexed") -> 1
A44: Total | B44: =SUM(B40:B43) -> 26 | C44: =SUM(C40:C43) -> 20 | D44: =SUM(D40:D43) -> 3 | E44: =SUM(E40:E43) -> 3

Sheet Skipped
A1: Results skipped while building the gold set (report in methods)
A2: Query | B2: Title | C2: Venue | D2: Link | E2: Reason
A3: Q1 | B3: Astra: General Interactive World Model with Autoregressive Denoising | C3: ICLR 2026 | D3: https://proceedings.iclr.cc/paper_files/paper/2026/hash/7fc516909e0b90c96bcc75a16ebee6a2-Abstract-Conference.html | E3: Real-world domains only (autonomous driving, robot grasping, camera motion). Not a game or virtual environment.
A4: Q1 | B4: MotionStream: Real-Time Video Generation with Interactive Motion Controls | C4: ICLR 2026 | D4: https://proceedings.iclr.cc/paper_files/paper/2026/hash/0cece806cd3d1dfad4a893f016ad3d7d-Abstract-Conference.html | E4: Interactive motion-controlled video generation, but no game or virtual environment and no environment state.
A5: Q1 | B5: Morpheus: Generating 2D Games Without Game Engines on Edge Devices | C5: Stanford CS229 report | D5: https://www.llanome.com/about/data/Morpheus_Final_Report.pdf | E5: Course project report, not peer-reviewed. Topic fits (latent diffusion game engine for 2D games).
A6: Q1 | B6: VLA and World Models for Embodied AI: A Comprehensive Survey | C6: Megrez Plus guide 2026 | D6: https://www.megrez.plus/reports/files/VLA%20and%20World%20Models.pdf | E6: Survey published as a web guide; not peer-reviewed.
A7: Q1 | B7: A General Review of Large Language Model Agents in Game Applications | C7: ICCSIT 2025 | D7: https://dl.acm.org/doi/full/10.1145/3783862.3783876 | E7: Review paper (surveys are excluded), and about LLM agents playing games rather than world models.
A8: Q1 | B8: Narrative Pathways: A Player-Driven Approach to Interactive Fiction Text Game Generation | C8: Georgia Tech undergraduate thesis | D8: https://repository.gatech.edu/entities/publication/1323d919-d84a-4cd8-8990-f201ce324aef | E8: Undergraduate thesis, not peer-reviewed. Also generates game code ahead of play rather than simulating the environment.
A9: Q1 | B9: The Spread and Impact of Game Innovations: A Systematic Review of Academic and Applied Domains | C9: ACM Games 2026 | D9: https://doi.org/10.1145/3785325 | E9: Systematic review (surveys are excluded), and about game technology used outside entertainment, not world models.
A10: Q2 | B10: Unbounded: A Generative Infinite Game of Character Life Simulation | C10: ICLR 2025 | D10: https://proceedings.iclr.cc/paper_files/paper/2025/hash/da2411768acb844b255bb6770e5a71c7-Abstract-Conference.html | E10: Duplicate of Q1.
A11: Q2 | B11: Pre-Trained Video Generative Models as World Simulators (DWS) | C11: AAAI 2026 | D11: https://ojs.aaai.org/index.php/AAAI/article/view/42465 | E11: Duplicate of Q1.
A12: Q2 | B12: Astra: General Interactive World Model with Autoregressive Denoising | C12: ICLR 2026 | D12: https://proceedings.iclr.cc/paper_files/paper/2026/hash/7fc516909e0b90c96bcc75a16ebee6a2-Abstract-Conference.html | E12: Duplicate of Q1 (already excluded there: real-world domains only).
A13: Q2 | B13: Learning Interactive Real-World Simulators (UniSim) | C13: ICLR 2024 | D13: https://iclr.cc/virtual/2024/oral/19722 | E13: Real-world simulator (robotics, navigation, real video). Not a game or virtual environment; same reason as Astra.
... A51: Q4 | B51: Object-Centric World Models for Causality-Aware Reinforcement Learning (STICA) | C51: AAAI 2026 | D51: https://doi.org/10.1609/aaai.v40i29.39642 | E51: Safety Gym and robot-arm tasks, not games.
A52: Q4 | B52: A Practitioner's Guide to Multi-Turn Agentic Reinforcement Learning | C52: Under review (anonymous) | E52: Not published, and about LLM agents without a world model.
A53: Q4 | B53: Diffusion for World Modeling: Visual Details Matter in Atari (DIAMOND) | C53: NeurIPS 2024 | D53: https://doi.org/10.52202/079017-1873 | E53: Duplicate of Q1.
A54: Q4 | B54: Spiking world model with multicompartment neurons for model-based reinforcement learning | C54: PNAS 2025 | D54: https://doi.org/10.1073/pnas.2513319122 | E54: DeepMind Control Suite and speech datasets, not games.
A55: Q4 | B55: MAMBA: an Effective World Model Approach for Meta-Reinforcement Learning | C55: ICLR 2024 | D55: https://iclr.cc/virtual/2024/poster/19589 | E55: Navigation and robot control benchmarks (Point Robot, Reacher, Panda, Humanoid), not games.
A56: Q4 | B56: Objects matter: object-centric world models improve reinforcement learning in visually complex environments | C56: ICLR 2025 submission | D56: https://openreview.net/forum?id=Q2hkp8WIDS | E56: Not accepted at ICLR 2025; the published version is OC-STORM (ICLR 2026).
A57: Q4 | B57: Reinforcement Learning with a Disentangled Universal Value Function for Item Recommendation | C57: AAAI 2021 | D57: https://doi.org/10.1609/aaai.v35i5.16569 | E57: Recommender systems, not a game.
A58: Q4 | B58: Predicting Future Actions of Reinforcement Learning Agents | C58: NeurIPS 2024 | D58: https://proceedings.neurips.cc/paper_files/paper/2024 | E58: About predicting agent behaviour for safety; the world model is a tool.
A59: Q4 | B59: DreamerPro: Reconstruction-Free Model-Based Reinforcement Learning with Prototypical Representations | C59: ICML 2022 | D59: https://proceedings.mlr.press/v162/deng22a.html | E59: DeepMind Control Suite, not games.

Sheet String versions
A1: Search string revision log
A2: Version | B2: Date | C2: Change | D2: Scopus hits | E2: IEEE hits | F2: ACM hits | G2: Overall sensitivity
A3: v0 | C3: Current string (hit counts from your SLR method notes) | D3: 381 | E3: 276 | F3: 133
A4: v1 | C4: Starter two-block string: world-model terms AND game or virtual-world terms. Predicted from the Scopus gold export: 14 of 22 indexed gold papers (63.6%), about 1,050 Scopus records (estimated from the v2 export).
A5: v2 | B5: 15 Oct 2026 | C5: Added to A: "model-based RL", "infinite game*". Added to B: atari* (was atari), "simulated environment*", "generated environment*", "generated world*". Confirmed in Scopus: 19 of 22 indexed gold papers. Too noisy: "game simulat*" alone added about 670 off-topic records (serious games, education) and "infinite game*" about 120 (game theory). | D5: 1235 | G5: 0.864
A6: v3 | B6: 15 Oct 2026 | C6: Replaced "game simulat*" with "video game simulat*" and "infinite game*" with "generative infinite game*". Confirmed in Scopus: 480 records, 19 of 22 indexed gold papers. Misses (WHAM, COMBO, Zero-shot World Models) reported as snowballing. | D6: 480 | G6: 0.864
A7: v3 (IEEE) | B7: 15 Oct 2026 | C7: v3 translated for IEEE. 680 records before limits, 391 within 2019 to 2026 and journal or conference. Found 1 of 2 IEEE-indexed gold papers (missed AnimeGamer). IEEE reads wildcards inside quotes ("world model*") as separate words, which roughly doubles the noise. | E7: 391
A8: v4 (IEEE) | B8: 15 Oct 2026 | C8: IEEE: no wildcards inside quotes, variants spelled out; added "game state prediction" to A (finds AnimeGamer). 473 records before limits, 273 within 2019 to 2026 and journal or conference. Found 2 of 2 IEEE-indexed gold papers. "explorable world*" added nothing and is dropped from the final strings. | E8: 273 | G8: 1
A9: v5 Scopus (long) | B9: 15 Oct 2026 | C9: v3 plus "game state prediction". Year, document type and language limits inside the string. 481 records (1 more than v3). 19 of 22 indexed gold papers. | D9: 481 | G9: 0.864
A10: v5 IEEE (long) | B10: 15 Oct 2026 | C10: v4 without "explorable world(s)". Year filter 2019 to 2026 applied in IEEE. 299 records, of which 26 are book chapters or magazine articles: remove them before screening as ineligible document type, leaving 273. 2 of 2 indexed gold papers. | E10: 299 | G10: 1
A11: v5 ACM (long) | B11: 15 Oct 2026 | C11: Same terms as the final Scopus and IEEE strings, written for ACM (Title, Abstract and Keyword fields; publication date 2019 to 2026). 32 records. 2 of 2 indexed gold papers (Promptable Game Models, NovaWM). | F11: 32 | G11: 1
A12: v5 all (long) | B12: 15 Oct 2026 | C12: 786 records (Scopus 481, IEEE 273 after removing 26 book chapters and magazine items, ACM 32). About 143 duplicates across databases, about 643 unique (preliminary). Overall: 20 of 23 indexed gold papers retrieved. | D12: 481 | E12: 273 | F12: 32 | G12: 0.86956522
A13: v6 short (tested) | B13: 16 Oct 2026 | C13: Final strings cut from 32 to 20 terms (Scopus). Dropped terms that found no gold paper and only added off-topic records (neural/learned simulators, next-frame prediction, action-conditioned video, playable worlds, game engine phrasings, generated worlds, videogame*). Tested on the 15 Oct exports: all 20 found gold papers kept; about 15 Scopus and 9 IEEE off-topic records drop, ACM unchanged. Expected about 466 / 290 / 32. | D13: ~466 | E13: ~290 | F13: ~32 | G13: 0.86956522
A14: FINAL Scopus | B14: 16 Oct 2026 | C14: v6 short string run with years 2018 to 2026. 491 records: 466 from 2019 to 2026 (as predicted) plus 25 from 2018. 19 of 22 indexed gold papers, same as before. | D14: 491 | G14: 0.86363636
A15: FINAL IEEE | B15: 16 Oct 2026 | C15: v6 short string, year filter 2018 to 2026. 307 records, of which 25 are book chapters or magazine articles (content type filter not applied): remove them before screening as ineligible document type, leaving 282. 2 of 2 indexed gold papers. | E15: 307 | G15: 1
A16: FINAL ACM | B16: 16 Oct 2026 | C16: v6 short string, publication date 2018 to 2026. 35 records (31 from 2019 to 2026, 4 from 2018). 2 of 2 indexed gold papers (Promptable Game Models, NovaWM). | F16: 35 | G16: 1
A17: ALL FINAL | B17: 16 Oct 2026 | C17: 833 records identified (Scopus 491, IEEE 307, ACM 35). Removed before screening: 25 IEEE book chapters and magazine items, 146 duplicates (automatic DOI and title match). 662 unique records to screen. Overall: 20 of 23 indexed gold papers retrieved. | D17: 491 | E17: 282 | F17: 35 | G17: 0.86956522
A20: After testing each version, type its overall sensitivity from the Summary tab into column G as a number, so it stays fixed when you test the next version.
